URL,Depth
https://www.browserscan.net,0
https://www.browserscan.net/,1
https://blog.browserscan.net/,1
https://www.browserscan.net/tools,1
https://www.browserscan.net/user-agent,1
https://www.browserscan.net/speed-test,1
https://www.browserscan.net/ipcheck,1
https://www.browserscan.net/converter,1
https://www.browserscan.net/port-scanner,1
https://www.browserscan.net/bot-detection,1
https://www.browserscan.net/2fa,1
https://www.browserscan.net/dns-leak,1
https://www.browserscan.net/webrtc,1
https://www.browserscan.net/tls,1
https://www.browserscan.net/en,1
https://www.browserscan.net/zh,1
https://www.browserscan.net/tc,1
https://www.browserscan.net/ru,1
https://www.browserscan.net/fr,1
https://www.browserscan.net/de,1
https://www.browserscan.net/es,1
https://www.browserscan.net/uk,1
https://www.browserscan.net/pt,1
https://www.browserscan.net/tr,1
https://www.browserscan.net/th,1
https://www.browserscan.net/vi,1
https://www.browserscan.net/hi,1
https://www.browserscan.net/it,1
https://www.browserscan.net/id,1
https://www.browserscan.net/ko,1
https://www.browserscan.net/ja,1
https://blog.browserscan.net/docs/browser-fingerprints-ip-address,1
https://blog.browserscan.net/docs/webrtc,1
https://blog.browserscan.net/docs/canvas,1
https://blog.browserscan.net/docs/WebGL,1
https://blog.browserscan.net/docs/media-device-audio-fingerprinting,1
https://blog.browserscan.net/docs/client-rects-font-fingerprinting,1
https://blog.browserscan.net/docs/what-is-webGPU,1
javascript:;,1
https://blog.browserscan.net/docs/useragent,1
https://blog.browserscan.net/docs/10-browser-fingerprints,1
https://blog.browserscan.net/docs/automation-detection,1
https://blog.browserscan.net/docs/port-scanning,1
https://www.browserscan.net/feedback,1
mailto:support@browserscan.net,1
https://www.facebook.com/people/BrowserScan/61554267664482/,1
https://twitter.com/BrowserScan_net,1
https://blog.browserscan.net/?category=browser-fingerprints,1
https://blog.browserscan.net/?category=proxies,1
https://blog.browserscan.net/?category=antidetect-browsers,1
https://blog.browserscan.net/?category=affiliate-marketing,1
https://blog.browserscan.net/?category=tutorials,1
https://blog.browserscan.net/?category=tools,1
https://blog.browserscan.net/?category=social-media,1
https://blog.browserscan.net/?category=e-commerce,1
https://partners.browserscan.net/,1
https://www.browserscan.net/release-notes,1
https://www.browserscan.net/en/bot-detection,2
https://www.browserscan.net/en/dns-leak,2
https://www.browserscan.net/en/ipcheck,2
https://www.browserscan.net/en/,2
https://blog.browserscan.net/docs/adspower,2
https://blog.browserscan.net/docs/duoplus,2
https://blog.browserscan.net/docs/beginner-guide-to-farm-google-ads-accounts,2
https://blog.browserscan.net/docs/what-is-a-headless-browser,2
https://blog.browserscan.net/docs/how-to-manage-multiple-twitter-accounts,2
https://blog.browserscan.net/docs/cookies-vs-sessions-vs-tokens,2
https://blog.browserscan.net/docs/how-to-farm-facebook-accounts,2
https://blog.browserscan.net/docs/what-is-a-proxy-server,2
https://blog.browserscan.net/docs/what-is-a-bot,2
https://blog.browserscan.net/docs/what-is-a-mobile-proxy,2
https://blog.browserscan.net/docs/proxidize-for-building-mobile-proxies,2
https://blog.browserscan.net/docs/what-is-an-asn,2
https://www.browserscan.net/en/converter,2
https://www.browserscan.net/en/port-scanner,2
https://www.browserscan.net/en/2fa,2
https://www.browserscan.net/en/webrtc,2
https://www.browserscan.net/en/tls,2
https://www.helplook.com/?source=support_euca2i,2
https://www.browserscan.net/canvas,2
https://facebook.com/,2
https://google.com/,2
https://www.amazon.com/,2
https://www.ebay.com/,2
https://www.youtube.com/,2
https://www.shopify.com/,2
https://en.wikipedia.org/wiki/IP_address,2
https://en.wikipedia.org/wiki/List_of_HTTP_header_fields,2
https://en.wikipedia.org/wiki/TCP/IP_stack_fingerprinting,2
https://en.wikipedia.org/wiki/Domain_Name_System,2
https://www.browserscan.net/2fa/3J64V3P3E77J4LKNUGSZ5QANTLRLTKVL,2
https://www.browserscan.net/2fa#3J64V3P3E77J4LKNUGSZ5QANTLRLTKVL,2
https://chrome.google.com/webstore/detail/webrtc-network-limiter/npeicpdbkakmehahjeeohfdhnlpdklia,2
https://blog.browserscan.net/zh,2
https://www.browserscan.net/zh/user-agent,2
https://www.browserscan.net/zh/speed-test,2
https://www.browserscan.net/zh/ipcheck,2
https://www.browserscan.net/zh/converter,2
https://www.browserscan.net/zh/port-scanner,2
https://www.browserscan.net/zh/bot-detection,2
https://www.browserscan.net/zh/2fa,2
https://www.browserscan.net/zh/dns-leak,2
https://www.browserscan.net/zh/webrtc,2
https://www.browserscan.net/zh/tls,2
https://blog.browserscan.net/zh/docs/browser-fingerprints-ip-address,2
https://blog.browserscan.net/zh/docs/webrtc,2
https://blog.browserscan.net/zh/docs/canvas,2
https://blog.browserscan.net/zh/docs/WebGL,2
https://blog.browserscan.net/zh/docs/media-device-audio-fingerprinting,2
https://blog.browserscan.net/zh/docs/client-rects-font-fingerprinting,2
https://blog.browserscan.net/zh/docs/what-is-webGPU,2
https://blog.browserscan.net/zh/docs/useragent,2
https://blog.browserscan.net/zh/docs/10-browser-fingerprints,2
https://blog.browserscan.net/zh/docs/automation-detection,2
https://blog.browserscan.net/zh/docs/port-scanning,2
https://www.browserscan.net/tc/user-agent,2
https://www.browserscan.net/tc/speed-test,2
https://www.browserscan.net/tc/ipcheck,2
https://www.browserscan.net/tc/converter,2
https://www.browserscan.net/tc/port-scanner,2
https://www.browserscan.net/tc/bot-detection,2
https://www.browserscan.net/tc/2fa,2
https://www.browserscan.net/tc/dns-leak,2
https://www.browserscan.net/tc/webrtc,2
https://www.browserscan.net/tc/tls,2
https://www.browserscan.net/ru/user-agent,2
https://www.browserscan.net/ru/speed-test,2
https://www.browserscan.net/ru/ipcheck,2
https://www.browserscan.net/ru/converter,2
https://www.browserscan.net/ru/port-scanner,2
https://www.browserscan.net/ru/bot-detection,2
https://www.browserscan.net/ru/2fa,2
https://www.browserscan.net/ru/dns-leak,2
https://www.browserscan.net/ru/webrtc,2
https://www.browserscan.net/ru/tls,2
https://www.browserscan.net/fr/user-agent,2
https://www.browserscan.net/fr/speed-test,2
https://www.browserscan.net/fr/ipcheck,2
https://www.browserscan.net/fr/converter,2
https://www.browserscan.net/fr/port-scanner,2
https://www.browserscan.net/fr/bot-detection,2
https://www.browserscan.net/fr/2fa,2
https://www.browserscan.net/fr/dns-leak,2
https://www.browserscan.net/fr/webrtc,2
https://www.browserscan.net/fr/tls,2
https://www.browserscan.net/de/user-agent,2
https://www.browserscan.net/de/speed-test,2
https://www.browserscan.net/de/ipcheck,2
https://www.browserscan.net/de/converter,2
https://www.browserscan.net/de/port-scanner,2
https://www.browserscan.net/de/bot-detection,2
https://www.browserscan.net/de/2fa,2
https://www.browserscan.net/de/dns-leak,2
https://www.browserscan.net/de/webrtc,2
https://www.browserscan.net/de/tls,2
https://www.browserscan.net/es/user-agent,2
https://www.browserscan.net/es/speed-test,2
https://www.browserscan.net/es/ipcheck,2
https://www.browserscan.net/es/converter,2
https://www.browserscan.net/es/port-scanner,2
https://www.browserscan.net/es/bot-detection,2
https://www.browserscan.net/es/2fa,2
https://www.browserscan.net/es/dns-leak,2
https://www.browserscan.net/es/webrtc,2
https://www.browserscan.net/es/tls,2
https://www.browserscan.net/uk/user-agent,2
https://www.browserscan.net/uk/speed-test,2
https://www.browserscan.net/uk/ipcheck,2
https://www.browserscan.net/uk/converter,2
https://www.browserscan.net/uk/port-scanner,2
https://www.browserscan.net/uk/bot-detection,2
https://www.browserscan.net/uk/2fa,2
https://www.browserscan.net/uk/dns-leak,2
https://www.browserscan.net/uk/webrtc,2
https://www.browserscan.net/uk/tls,2
https://www.browserscan.net/pt/user-agent,2
https://www.browserscan.net/pt/speed-test,2
https://www.browserscan.net/pt/ipcheck,2
https://www.browserscan.net/pt/converter,2
https://www.browserscan.net/pt/port-scanner,2
https://www.browserscan.net/pt/bot-detection,2
https://www.browserscan.net/pt/2fa,2
https://www.browserscan.net/pt/dns-leak,2
https://www.browserscan.net/pt/webrtc,2
https://www.browserscan.net/pt/tls,2
https://www.browserscan.net/tr/user-agent,2
https://www.browserscan.net/tr/speed-test,2
https://www.browserscan.net/tr/ipcheck,2
https://www.browserscan.net/tr/converter,2
https://www.browserscan.net/tr/port-scanner,2
https://www.browserscan.net/tr/bot-detection,2
https://www.browserscan.net/tr/2fa,2
https://www.browserscan.net/tr/dns-leak,2
https://www.browserscan.net/tr/webrtc,2
https://www.browserscan.net/tr/tls,2
https://www.browserscan.net/th/user-agent,2
https://www.browserscan.net/th/speed-test,2
https://www.browserscan.net/th/ipcheck,2
https://www.browserscan.net/th/converter,2
https://www.browserscan.net/th/port-scanner,2
https://www.browserscan.net/th/bot-detection,2
https://www.browserscan.net/th/2fa,2
https://www.browserscan.net/th/dns-leak,2
https://www.browserscan.net/th/webrtc,2
https://www.browserscan.net/th/tls,2
https://www.browserscan.net/vi/user-agent,2
https://www.browserscan.net/vi/speed-test,2
https://www.browserscan.net/vi/ipcheck,2
https://www.browserscan.net/vi/converter,2
https://www.browserscan.net/vi/port-scanner,2
https://www.browserscan.net/vi/bot-detection,2
https://www.browserscan.net/vi/2fa,2
https://www.browserscan.net/vi/dns-leak,2
https://www.browserscan.net/vi/webrtc,2
https://www.browserscan.net/vi/tls,2
https://www.browserscan.net/hi/user-agent,2
https://www.browserscan.net/hi/speed-test,2
https://www.browserscan.net/hi/ipcheck,2
https://www.browserscan.net/hi/converter,2
https://www.browserscan.net/hi/port-scanner,2
https://www.browserscan.net/hi/bot-detection,2
https://www.browserscan.net/hi/2fa,2
https://www.browserscan.net/hi/dns-leak,2
https://www.browserscan.net/hi/webrtc,2
https://www.browserscan.net/hi/tls,2
https://www.browserscan.net/it/user-agent,2
https://www.browserscan.net/it/speed-test,2
https://www.browserscan.net/it/ipcheck,2
https://www.browserscan.net/it/converter,2
https://www.browserscan.net/it/port-scanner,2
https://www.browserscan.net/it/bot-detection,2
https://www.browserscan.net/it/2fa,2
https://www.browserscan.net/it/dns-leak,2
https://www.browserscan.net/it/webrtc,2
https://www.browserscan.net/it/tls,2
https://www.browserscan.net/id/user-agent,2
https://www.browserscan.net/id/speed-test,2
https://www.browserscan.net/id/ipcheck,2
https://www.browserscan.net/id/converter,2
https://www.browserscan.net/id/port-scanner,2
https://www.browserscan.net/id/bot-detection,2
https://www.browserscan.net/id/2fa,2
https://www.browserscan.net/id/dns-leak,2
https://www.browserscan.net/id/webrtc,2
https://www.browserscan.net/id/tls,2
https://www.browserscan.net/ko/user-agent,2
https://www.browserscan.net/ko/speed-test,2
https://www.browserscan.net/ko/ipcheck,2
https://www.browserscan.net/ko/converter,2
https://www.browserscan.net/ko/port-scanner,2
https://www.browserscan.net/ko/bot-detection,2
https://www.browserscan.net/ko/2fa,2
https://www.browserscan.net/ko/dns-leak,2
https://www.browserscan.net/ko/webrtc,2
https://www.browserscan.net/ko/tls,2
https://www.browserscan.net/ja/user-agent,2
https://www.browserscan.net/ja/speed-test,2
https://www.browserscan.net/ja/ipcheck,2
https://www.browserscan.net/ja/converter,2
https://www.browserscan.net/ja/port-scanner,2
https://www.browserscan.net/ja/bot-detection,2
https://www.browserscan.net/ja/2fa,2
https://www.browserscan.net/ja/dns-leak,2
https://www.browserscan.net/ja/webrtc,2
https://www.browserscan.net/ja/tls,2
https://blog.browserscan.net/docs/ip-address#What_is_an_IP_address?,2
https://blog.browserscan.net/docs/ip-address#IP_address,2
https://blog.browserscan.net/docs/ip-address#IPv4_vs_IPv6,2
https://blog.browserscan.net/docs/ip-address#Geolocation,_Time_Zone,_Local_Time,2
https://blog.browserscan.net/docs/ip-address#Geolocation,2
https://blog.browserscan.net/docs/geolocation,2
https://blog.browserscan.net/docs/ip-address#Time_Zone_and_Local_Time,2
https://blog.browserscan.net/docs/ip-time-zone-and-system-time,2
https://blog.browserscan.net/docs/ip-address#Summary,2
https://blog.browserscan.net/docs/browser-fingerpringting-guide,2
https://blog.browserscan.net/docs/webrtc-fingerprinting,2
https://blog.browserscan.net/docs/canvas-fingerprinting,2
https://blog.browserscan.net/docs/do-not-track,2
https://blog.browserscan.net/docs/webgl-fingerprinting,2
https://blog.browserscan.net/docs/language,2
https://blog.browserscan.net/docs/what-is-dns-leak-and-how-to-prevent-it,2
https://blog.browserscan.net/docs/what-is-webgpu,2
https://blog.browserscan.net/#facebook,2
https://blog.browserscan.net/#x,2
https://blog.browserscan.net/#linkedin,2
https://blog.browserscan.net/#vk,2
https://blog.browserscan.net/#whatsapp,2
https://blog.browserscan.net/#line,2
https://blog.browserscan.net/#reddit,2
https://blog.browserscan.net/#pinterest,2
https://blog.browserscan.net/#facebook_messenger,2
https://blog.browserscan.net/#email,2
https://www.addtoany.com/,2
https://blog.browserscan.net/docs/ip-address#addtoany,2
https://blog.browserscan.net/docs/webrtc-fingerprinting#What_Is_WebRTC,2
https://blog.browserscan.net/docs/webrtc-fingerprinting#How_does_WebRTC_leak_IP,2
https://help.singlecomm.com/hc/en-us/articles/115007993947-STUN-servers-A-Quick-Start-Guide,2
https://getstream.io/glossary/turn-server/,2
https://blog.browserscan.net/docs/webrtc-fingerprinting#How_to_check_for_WebRTC_leaks,2
https://blog.browserscan.net/docs/webrtc-fingerprinting#How_to_Prevent_WebRTC_IP_Leaks,2
https://browserscan.net/,2
https://blog.browserscan.net/docs/ip-address,2
https://blog.browserscan.net/docs/webrtc-fingerprinting#addtoany,2
https://blog.browserscan.net/docs/canvas-fingerprinting#What_is_Canvas_Fingerprinting,2
https://blog.hubspot.com/blog/tabid/6307/bid/5847/a-marketer-s-guide-to-html5.aspx,2
https://developer.mozilla.org/en-US/docs/Web/JavaScript,2
https://blog.browserscan.net/docs/canvas-fingerprinting#How_Does_Canvas_Fingerprinting_Work?,2
https://corporatefinanceinstitute.com/resources/cryptocurrency/hash-function/,2
https://blog.browserscan.net/docs/canvas-fingerprinting#Use_Cases_for_Canvas_Fingerprinting,2
https://blog.browserscan.net/docs/canvas-fingerprinting#How_to_Aovid_Canvas_Fingerprinting,2
https://www.browserscan.net/en/#hardwareCard,2
https://blog.browserscan.net/docs/canvas-fingerprinting#Summary,2
https://blog.browserscan.net/docs/canvas-fingerprinting#addtoany,2
https://blog.browserscan.net/docs/webgl-fingerprinting#What_Is_WebGL,2
https://www.altexsoft.com/blog/what-is-api-definition-types-specifications-documentation/,2
https://openglbook.com/chapter-0-preface-what-is-opengl.html,2
https://blog.browserscan.net/docs/webgl-fingerprinting#Applications_of_WebGL,2
https://blog.browserscan.net/docs/webgl-fingerprinting#WebGL_vs_Canvas,2
https://blog.browserscan.net/docs/webgl-fingerprinting#What_Is_WebGL_Fingerprinting,2
https://www.pcmag.com/encyclopedia/term/gpu,2
https://www.hostinger.com/tutorials/what-is-rendering,2
https://www.videocardbenchmark.net/gpu_list.php,2
https://blog.browserscan.net/docs/webgl-fingerprinting#The_Security_Risks_of_WebGL_Fingerprinting,2
https://blog.browserscan.net/docs/webgl-fingerprinting#How_to_Prevent_WebGL_Fingerprint_Leakage,2
https://blog.browserscan.net/docs/webgl-fingerprinting#addtoany,2
https://developer.mozilla.org/en-US/docs/Web/API/WebRTC_API,2
https://developer.mozilla.org/en-US/docs/Web/API/AudioContext,2
https://blog.browserscan.net/docs/client-rects-font-fingerprinting#cf5707646c5d4fc018865a793e9b6477,2
https://www.facebook.com/,2
https://www.facebook.com/login/device-based/regular/login/?login_attempt=1&next=https%3A%2F%2Fwww.facebook.com%2Fpeople%2FBrowserScan%2F61554267664482%2F,2
https://www.facebook.com/recover/initiate?ars=royal_blue_bar,2
https://www.facebook.com/photo/?fbid=122100925544142255&set=a.122100924482142255,2
https://www.facebook.com/photo/?fbid=122100924434142255&set=a.122100923456142255&__tn__=%3C,2
https://www.facebook.com/profile.php?id=61554267664482&sk=friends_likes,2
https://www.facebook.com/profile.php?id=61554267664482&sk=followers,2
https://www.facebook.com/profile.php?id=61554267664482,2
https://www.facebook.com/profile.php?id=61554267664482&sk=about,2
https://www.facebook.com/profile.php?id=61554267664482&sk=photos,2
https://www.facebook.com/profile.php?id=61554267664482&sk=videos,2
https://l.facebook.com/l.php?u=https%3A%2F%2Fwww.browserscan.net%2F&h=AT3EC8wvgWVLL4YJoYuN7nZSiMwzdwg38wDjkB6p6xeMx7SVZlYphvoIGBoEGzue-NpXEGdRZ0eQF3YRruiKzNVzWOTqwQvk6E5nTVVMsF6IgVflAWM-UnVD3oVazx4r1uWQwf-3DsW7b_VNyFgDsw,2
https://www.facebook.com/profile.php?id=61554267664482&sk=reviews,2
https://www.facebook.com/photo/?fbid=122161281806142255&set=ecnf.61554267664482,2
https://www.facebook.com/photo/?fbid=122160285428142255&set=ecnf.61554267664482,2
https://www.facebook.com/photo/?fbid=122160089774142255&set=ecnf.61554267664482,2
https://www.facebook.com/photo/?fbid=122159494604142255&set=ecnf.61554267664482,2
https://www.facebook.com/photo/?fbid=122158730114142255&set=ecnf.61554267664482,2
https://www.facebook.com/photo/?fbid=122158157144142255&set=ecnf.61554267664482,2
https://www.facebook.com/photo/?fbid=122157926954142255&set=ecnf.61554267664482,2
https://www.facebook.com/photo/?fbid=122157521858142255&set=ecnf.61554267664482,2
https://www.facebook.com/photo/?fbid=122156586236142255&set=ecnf.61554267664482,2
https://www.facebook.com/people/BrowserScan/61554267664482/?__cft__[0]=AZVhd7GUAGmkiCBC1-MHzqjP8iXrWwl6M-9rpMdC78omJTP5KvHJD9QL6RcYSHpQz0FOAQCeW6Y3KoJb3dM0EZluzZYK88t9WdOuWbjvinPK_oevibQQMO1_O6dEeDxhrIO6lSqPVcB8uiUYJoT64GKe7LX59_hiVq-mzfQq-YaIA6aPaPyhBCg0Xh3HqnWHGw_FI60WKpsah3devTFPdyoV&__tn__=%3C%2CP-R,2
https://www.facebook.com/people/BrowserScan/61554267664482/?__cft__[0]=AZVhd7GUAGmkiCBC1-MHzqjP8iXrWwl6M-9rpMdC78omJTP5KvHJD9QL6RcYSHpQz0FOAQCeW6Y3KoJb3dM0EZluzZYK88t9WdOuWbjvinPK_oevibQQMO1_O6dEeDxhrIO6lSqPVcB8uiUYJoT64GKe7LX59_hiVq-mzfQq-YaIA6aPaPyhBCg0Xh3HqnWHGw_FI60WKpsah3devTFPdyoV&__tn__=%3C%3C%2CP-R,2
https://www.facebook.com/people/BrowserScan/61554267664482/?__cft__[0]=AZVhd7GUAGmkiCBC1-MHzqjP8iXrWwl6M-9rpMdC78omJTP5KvHJD9QL6RcYSHpQz0FOAQCeW6Y3KoJb3dM0EZluzZYK88t9WdOuWbjvinPK_oevibQQMO1_O6dEeDxhrIO6lSqPVcB8uiUYJoT64GKe7LX59_hiVq-mzfQq-YaIA6aPaPyhBCg0Xh3HqnWHGw_FI60WKpsah3devTFPdyoV&__tn__=-UC%2CP-R,2
https://www.facebook.com/people/BrowserScan/61554267664482/?__cft__[0]=AZVhd7GUAGmkiCBC1-MHzqjP8iXrWwl6M-9rpMdC78omJTP5KvHJD9QL6RcYSHpQz0FOAQCeW6Y3KoJb3dM0EZluzZYK88t9WdOuWbjvinPK_oevibQQMO1_O6dEeDxhrIO6lSqPVcB8uiUYJoT64GKe7LX59_hiVq-mzfQq-YaIA6aPaPyhBCg0Xh3HqnWHGw_FI60WKpsah3devTFPdyoV&__tn__=%2CO%2CP-R#?cfk,2
https://l.facebook.com/l.php?u=https%3A%2F%2Fblog.browserscan.net%2Fdocs%2Fbeginner-guide-to-farm-google-ads-accounts&h=AT1MjywLQzOW6ZvIh5h-cg6o31BjHoG7MVFGksagA0eU4Eyd5BqrgKsChJfP3E8R0DrZ8Vi9oV-3utEw9dl_8hXN5QEaGC-RK5rrP5uHhz_hTqBB4P0Pc0fkPdgdyfDUu5B9-5ykokQ7MnlD9Sl9&__tn__=-UK-R&c[0]=AT1XvUXXj5iLDZXQeXSVsZ0xIsymJdSnmhvfPMKX113PUd_2DhHApQiL0ndknQfjk37cm-HwLiu7M173tr7d-R77yjAzsEPcsK8KT2Dmspih2ZnFYsNuOG5uKs1DorT417GQMUYRSAeJ607hm1UULw0aSdEQSjlBedfvnUmWISnBVTflWPqs96oaerukB4EOD6CDwnUK3EEFnIxTHvIBcb0yWLa4vakrTajMposTYg,2
https://l.facebook.com/l.php?u=https%3A%2F%2Fwww.browserscan.net%2F&h=AT2TcwQDAcmGhoGssT05ru9M9NuJJuJ5wVXrWCwtd0TCDPVN61-_c8PbtvkPh8XokYpZ_ubXHaBl_7gm6sWJo4cIx2WKumQ--UqmEGybLthMVZdv3JRVfCji4-a2uQqm_C3NOLm3wivZWvGafSyc&__tn__=-UK-R&c[0]=AT1XvUXXj5iLDZXQeXSVsZ0xIsymJdSnmhvfPMKX113PUd_2DhHApQiL0ndknQfjk37cm-HwLiu7M173tr7d-R77yjAzsEPcsK8KT2Dmspih2ZnFYsNuOG5uKs1DorT417GQMUYRSAeJ607hm1UULw0aSdEQSjlBedfvnUmWISnBVTflWPqs96oaerukB4EOD6CDwnUK3EEFnIxTHvIBcb0yWLa4vakrTajMposTYg,2
https://www.facebook.com/hashtag/googleads?__eep__=6&__cft__[0]=AZVhd7GUAGmkiCBC1-MHzqjP8iXrWwl6M-9rpMdC78omJTP5KvHJD9QL6RcYSHpQz0FOAQCeW6Y3KoJb3dM0EZluzZYK88t9WdOuWbjvinPK_oevibQQMO1_O6dEeDxhrIO6lSqPVcB8uiUYJoT64GKe7LX59_hiVq-mzfQq-YaIA6aPaPyhBCg0Xh3HqnWHGw_FI60WKpsah3devTFPdyoV&__tn__=*NK-R,2
https://www.facebook.com/hashtag/farmaccounts?__eep__=6&__cft__[0]=AZVhd7GUAGmkiCBC1-MHzqjP8iXrWwl6M-9rpMdC78omJTP5KvHJD9QL6RcYSHpQz0FOAQCeW6Y3KoJb3dM0EZluzZYK88t9WdOuWbjvinPK_oevibQQMO1_O6dEeDxhrIO6lSqPVcB8uiUYJoT64GKe7LX59_hiVq-mzfQq-YaIA6aPaPyhBCg0Xh3HqnWHGw_FI60WKpsah3devTFPdyoV&__tn__=*NK-R,2
https://www.facebook.com/hashtag/accounts?__eep__=6&__cft__[0]=AZVhd7GUAGmkiCBC1-MHzqjP8iXrWwl6M-9rpMdC78omJTP5KvHJD9QL6RcYSHpQz0FOAQCeW6Y3KoJb3dM0EZluzZYK88t9WdOuWbjvinPK_oevibQQMO1_O6dEeDxhrIO6lSqPVcB8uiUYJoT64GKe7LX59_hiVq-mzfQq-YaIA6aPaPyhBCg0Xh3HqnWHGw_FI60WKpsah3devTFPdyoV&__tn__=*NK-R,2
https://www.facebook.com/hashtag/browserscan?__eep__=6&__cft__[0]=AZVhd7GUAGmkiCBC1-MHzqjP8iXrWwl6M-9rpMdC78omJTP5KvHJD9QL6RcYSHpQz0FOAQCeW6Y3KoJb3dM0EZluzZYK88t9WdOuWbjvinPK_oevibQQMO1_O6dEeDxhrIO6lSqPVcB8uiUYJoT64GKe7LX59_hiVq-mzfQq-YaIA6aPaPyhBCg0Xh3HqnWHGw_FI60WKpsah3devTFPdyoV&__tn__=*NK-R,2
https://www.facebook.com/photo/?fbid=122161281806142255&set=a.122100926402142255&__cft__[0]=AZVhd7GUAGmkiCBC1-MHzqjP8iXrWwl6M-9rpMdC78omJTP5KvHJD9QL6RcYSHpQz0FOAQCeW6Y3KoJb3dM0EZluzZYK88t9WdOuWbjvinPK_oevibQQMO1_O6dEeDxhrIO6lSqPVcB8uiUYJoT64GKe7LX59_hiVq-mzfQq-YaIA6aPaPyhBCg0Xh3HqnWHGw_FI60WKpsah3devTFPdyoV&__tn__=EH-R,2
https://www.facebook.com/people/BrowserScan/61554267664482/?__cft__[0]=AZVhd7GUAGmkiCBC1-MHzqjP8iXrWwl6M-9rpMdC78omJTP5KvHJD9QL6RcYSHpQz0FOAQCeW6Y3KoJb3dM0EZluzZYK88t9WdOuWbjvinPK_oevibQQMO1_O6dEeDxhrIO6lSqPVcB8uiUYJoT64GKe7LX59_hiVq-mzfQq-YaIA6aPaPyhBCg0Xh3HqnWHGw_FI60WKpsah3devTFPdyoV&__tn__=%2CmH-R#?ike,2
https://www.facebook.com/people/BrowserScan/61554267664482/?__cft__[0]=AZVhd7GUAGmkiCBC1-MHzqjP8iXrWwl6M-9rpMdC78omJTP5KvHJD9QL6RcYSHpQz0FOAQCeW6Y3KoJb3dM0EZluzZYK88t9WdOuWbjvinPK_oevibQQMO1_O6dEeDxhrIO6lSqPVcB8uiUYJoT64GKe7LX59_hiVq-mzfQq-YaIA6aPaPyhBCg0Xh3HqnWHGw_FI60WKpsah3devTFPdyoV&__tn__=%2CmH-R#?eii,2
https://blog.browserscan.net/docs/what-is-canvas-fingerprinting,2
https://blog.browserscan.net/docs/mac-addresss-vs-ip-address,2
https://blog.browserscan.net/docs/incognito-mode-is-not-safe,2
https://blog.browserscan.net/docs/browser-leaks-user-information,2
https://blog.browserscan.net/docs/how-to-use-browserscan,2
https://blog.browserscan.net/docs/bot-detection,2
https://blog.browserscan.net/docs/what-is-a-rotating-proxy,2
https://blog.browserscan.net/docs/discover-the-power-of-proxies-with-proxiesfo,2
https://blog.browserscan.net/docs/dedicated-ip-vs-shared-ip,2
https://blog.browserscan.net/docs/ipfoxy,2
https://blog.browserscan.net/docs/privatproxy-me,2
https://blog.browserscan.net/docs/goproxy-secure-and-flexible-proxy-services,2
https://blog.browserscan.net/docs/ipcola-overview,2
https://blog.browserscan.net/docs/proxysio-overview,2
https://blog.browserscan.net/docs/nstbrowser,2
https://blog.browserscan.net/docs/hidemyacc-review,2
https://blog.browserscan.net/docs/incogniton-for-multi-account-management,2
https://blog.browserscan.net/docs/hidemium-browser-review,2
https://blog.browserscan.net/docs/lauth-browser,2
https://blog.browserscan.net/docs/what-is-an-antidetect-browser,2
https://blog.browserscan.net/docs/introducing-genlogin-revolutionize-your-web-automation-experience,2
https://blog.browserscan.net/docs/bitbrowser-review,2
https://blog.browserscan.net/docs/ixbrowser,2
https://blog.browserscan.net/docs/sessionbox-review,2
https://blog.browserscan.net/docs/top-10-antidetect-browsers,2